"id";"тип";"кто говорит";"текст";"таймер";"вариант";"безопасность";"лояльность";"разбор";"оценка";"дальше"
"intro";"сцена";;"На ходу в салоне появляется запах гари. Из-под панели в служебной зоне идёт тонкая струя дыма. Пассажиры пока спокойны.";;;;;;;"q1"
"q1";"выбор";;"Ваше первое действие?";"10";"Немедленно сообщить начальнику поезда по внутренней связи, ограничить доступ к зоне и оценить обстановку с безопасной дистанции";"+20";"0";"Верно. Поездная бригада получает информацию сразу, а пассажиры не попадают к возможному очагу.";"верно";"q2_controlled"
"q1";"выбор";;;;"Самостоятельно открыть дымящуюся панель, чтобы найти провод";"-25";"+5";"Открытие панели без отключения и средств защиты может усилить горение и привести к поражению током.";"ошибка";"smoke_heavy"
"q1";"выбор";;;;"Полить панель водой из бутылки";"-30";"+10";"Вода рядом с электрооборудованием создаёт дополнительную опасность.";"ошибка";"smoke_heavy"
"q1";"выбор";;;;"Подождать, пока запах станет сильнее, чтобы не тревожить пассажиров";"-25";"+10";"Комфорт сохранён лишь на секунды, но раннее время для локализации потеряно.";"ошибка";"smoke_heavy"
"q1";"выбор";;;;"ВРЕМЯ ВЫШЛО";"-30";"-5";"Сообщение об угрозе задержано, дым усиливается.";"ошибка";"smoke_heavy"
"q2_controlled";"выбор";;"Под панелью видно небольшое пламя. Что делать до прибытия старшего?";"10";"Действовать по команде бригады: применить предусмотренный огнетушитель, только если путь отхода свободен, а коллега начинает перемещение пассажиров";"+25";"0";"Верно. Тушение допустимо при контролируемом риске, свободном пути отхода и параллельной защите пассажиров.";"верно";"q3_evacuate"
"q2_controlled";"выбор";;;;"Сразу перевести ближайших пассажиров в соседний вагон и закрыть дверь зоны, не задерживаясь ради имущества";"+15";"-5";"Допустимо. Локализация может быть менее быстрой, зато люди выведены из опасной зоны.";"допустимо";"q3_evacuate"
"q2_controlled";"выбор";;;;"Попросить пассажира помочь держать огнетушитель";"-20";"+5";"Неподготовленного пассажира нельзя вовлекать в работу у очага, если есть безопасный путь эвакуации.";"ошибка";"smoke_heavy"
"q2_controlled";"выбор";;;;"Использовать воду, потому что пламя небольшое";"-30";"+5";"Вода на электрооборудовании опасна и может распространить повреждение.";"ошибка";"end_bad"
"q2_controlled";"выбор";;;;"ВРЕМЯ ВЫШЛО";"-20";"-5";"Очаг не локализован, дым распространяется.";"ошибка";"smoke_heavy"
"smoke_heavy";"сцена";;"Дым быстро заполняет служебную зону. Пассажиры встают, один человек пытается открыть наружную дверь.";;;;;;;"q2_smoke"
"q2_smoke";"выбор";;"Как организовать действия?";"10";"Сообщить об ухудшении, по команде бригады переводить людей в безопасный соседний вагон, помогать детям и маломобильным, закрывать двери за группой";"+30";"-5";"Верно. Управляемое перемещение и закрытые двери ограничивают дым и панику.";"верно";"q3_evacuate"
"q2_smoke";"выбор";;;;"Открыть наружные двери до полной остановки";"-40";"0";"Открывать наружные двери движущегося поезда крайне опасно.";"ошибка";"end_bad"
"q2_smoke";"выбор";;;;"Крикнуть всем бежать куда угодно подальше от дыма";"-30";"-20";"Неуправляемое движение создаёт давку и мешает учёту людей.";"ошибка";"end_bad"
"q2_smoke";"выбор";;;;"Разрешить сначала собрать багаж";"-25";"+15";"Сохранение имущества не оправдывает задержку в задымлённой зоне.";"ошибка";"end_bad"
"q2_smoke";"выбор";;;;"ВРЕМЯ ВЫШЛО";"-35";"-15";"Дым и паника усиливаются без управляемого перемещения.";"ошибка";"end_bad"
"q3_evacuate";"выбор";"Пассажир 11В";"Я без чемодана не уйду. Там документы и ноутбук.";"10";"Чётко потребовать оставить багаж, назначить сопровождающего и направить пассажира по безопасному маршруту";"+20";"-10";"Верно. Жизнь важнее имущества, а конкретный сопровождающий снижает риск сопротивления и паники.";"верно";"q4_account"
"q3_evacuate";"выбор";;;;"Дать 30 секунд забрать чемодан";"-20";"+15";"Пассажир доволен, но задержка в дыму и встречное движение за багажом опасны.";"ошибка";"end_mid"
"q3_evacuate";"выбор";;;;"Молча потянуть пассажира за одежду";"-10";"-20";"Физическое действие без команды может вызвать падение и сопротивление. Сначала нужна ясная инструкция и помощь.";"ошибка";"end_mid"
"q3_evacuate";"выбор";;;;"ВРЕМЯ ВЫШЛО";"-25";"-10";"Пассажир задерживает поток и остаётся у опасной зоны.";"ошибка";"end_bad"
"q4_account";"выбор";;"Основная группа в соседнем вагоне. Что сделать перед докладом старшему?";"15";"Пересчитать людей, опросить группу, проверить купе, тамбур и туалет только если это безопасно, доложить о пропавших";"+25";"+5";"Верно. Учёт нужен, чтобы никто не остался в опасной зоне, но проверяющий не должен входить в непроходимый дым.";"верно";"end_good"
"q4_account";"выбор";;;;"Считать, что все вышли, раз никто не зовёт";"-20";"+5";"Тишина не подтверждает эвакуацию. В закрытых помещениях мог остаться человек.";"ошибка";"end_mid"
"q4_account";"выбор";;;;"В одиночку вернуться через плотный дым и проверить каждый отсек";"-30";"0";"Проверка ценой собственной жизни создаёт ещё одного пострадавшего. Действовать нужно по команде и с допустимым риском.";"ошибка";"end_bad"
"q4_account";"выбор";;;;"Разрешить пассажирам самим вернуться за знакомыми";"-35";"+10";"Возврат неподготовленных людей в дым увеличивает число пострадавших и разрушает учёт.";"ошибка";"end_bad"
"q4_account";"выбор";;;;"ВРЕМЯ ВЫШЛО";"-20";"-5";"Учёт не выполнен, старший не знает, все ли покинули опасную зону.";"ошибка";"end_mid"
"end_good";"финал";;"Угроза своевременно передана, пассажиры организованно перемещены, люди учтены. Ситуация передана поездной бригаде.";;;;;;"хороший";
"end_mid";"финал";;"Пассажиры выведены, но задержка или неполный учёт создали дополнительный риск.";;;;;;"средний";
"end_bad";"финал";;"Действия усилили угрозу или подвергли людей опасности. Сценарий не зачтён.";;;;;;"плохой";
